"CleanUrl","Count","Basename"
"../../../07-Forms-Records/11-FRM-QA/frm-qa-006-qc-hold-log.html","9","frm-qa-006-qc-hold-log.html"
"../../../05-Processes/01-PROC-CNC/proc-cnc-002-program-setup-release-control.html","9","proc-cnc-002-program-setup-release-control.html"
"../../../05-Processes/11-PROC-QA/proc-qa-002-layered-process-audit.html","7","proc-qa-002-layered-process-audit.html"
"../../../09-Annexes-References/01-ANNEX-QMS/annex-qms-003-audit-evidence-pack-master.html","6","annex-qms-003-audit-evidence-pack-master.html"
"../../../05-Processes/09-PROC-PLA/proc-pla-002-dispatch-control-and-capacity-review.html","6","proc-pla-002-dispatch-control-and-capacity-review.html"
"../../../05-Processes/08-PROC-OPS/proc-ops-003-escalation-sla-and-wip.html","6","proc-ops-003-escalation-sla-and-wip.html"
"../../../07-Forms-Records/12-FRM-QMS/frm-qms-022-document-data-change-notice.html","6","frm-qms-022-document-data-change-notice.html"
"../../05-Processes/03-PROC-FIN/proc-fin-001-invoicing-and-ar.html","5","proc-fin-001-invoicing-and-ar.html"
"../../../07-Forms-Records/11-FRM-QA/frm-qa-013-pfmea-lite.html","5","frm-qa-013-pfmea-lite.html"
"../../../05-Processes/10-PROC-PUR/proc-pur-002-purchasing-and-supplier-control.html","4","proc-pur-002-purchasing-and-supplier-control.html"
"../09-Annexes-References/01-ANNEX-QMS/annex-qms-024-semi-standards-and-csr-matrix.html","4","annex-qms-024-semi-standards-and-csr-matrix.html"
"../02-Department-Handbooks/annex-dep-hr-001-hr.html","4","annex-dep-hr-001-hr.html"
"../../../09-Annexes-References/04-ANNEX-OPS/annex-ops-001-dispatch-capacity-wip-rules.html","4","annex-ops-001-dispatch-capacity-wip-rules.html"
"../../05-Processes/10-PROC-PUR/proc-pur-002-purchasing-and-supplier-control.html","4","proc-pur-002-purchasing-and-supplier-control.html"
"../../05-Processes/05-PROC-HSE/proc-hse-001-incident-near-miss-management.html","4","proc-hse-001-incident-near-miss-management.html"
"../../05-Processes/03-PROC-FIN/proc-fin-002-job-costing-and-margin-review.html","4","proc-fin-002-job-costing-and-margin-review.html"
"../09-Annexes-References/01-ANNEX-QMS/annex-qms-020-escalation-matrix-and-sla.html","4","annex-qms-020-escalation-matrix-and-sla.html"
"../09-Annexes-References/01-ANNEX-QMS/annex-qms-003-audit-evidence-pack-master.html","4","annex-qms-003-audit-evidence-pack-master.html"
"../../05-Processes/11-PROC-QA/proc-qa-004-final-inspection-coc-release.html","4","proc-qa-004-final-inspection-coc-release.html"
"../07-Forms-Records/12-FRM-QMS/frm-qms-023-customer-specific-requirements-register.html","3","frm-qms-023-customer-specific-requirements-register.html"
"../../../07-Forms-Records/11-FRM-QA/frm-qa-007-fai-report.html","3","frm-qa-007-fai-report.html"
"../../../04-SOPs/sop-qms-012-customer-complaint-escape-containment.html","3","sop-qms-012-customer-complaint-escape-containment.html"
"../../05-Processes/08-PROC-OPS/proc-ops-001-order-fulfillment.html","3","proc-ops-001-order-fulfillment.html"
"../02-Department-Handbooks/annex-dep-pro-001-production.html","3","annex-dep-pro-001-production.html"
"../../../05-Processes/13-PROC-WHS/proc-whs-001-receiving-and-warehouse.html","3","proc-whs-001-receiving-and-warehouse.html"
"../04-SOPs/sop-qms-019-special-process-qualification.html","3","sop-qms-019-special-process-qualification.html"
"../04-SOPs/sop-qms-016-product-safety-and-conformity.html","3","sop-qms-016-product-safety-and-conformity.html"
"../../05-Processes/04-PROC-HR/proc-hr-001-competency-and-training-administration.html","3","proc-hr-001-competency-and-training-administration.html"
"../07-Forms-Records/11-FRM-QA/frm-qa-018-safety-critical-characteristics-register.html","3","frm-qa-018-safety-critical-characteristics-register.html"
"../../../05-Processes/10-PROC-PUR/proc-pur-001-outsource-finishing.html","3","proc-pur-001-outsource-finishing.html"
"../../../05-Processes/02-PROC-ENG/proc-eng-002-engineering-release-and-baseline-package.html","3","proc-eng-002-engineering-release-and-baseline-package.html"
"../02-Department-Handbooks/annex-dep-whs-001-warehouse.html","3","annex-dep-whs-001-warehouse.html"
"../05-Processes/01-PROC-CNC/proc-cnc-002-program-setup-release-control.html","3","proc-cnc-002-program-setup-release-control.html"
"../../../07-Forms-Records/12-FRM-QMS/frm-qms-014-access-matrix.html","3","frm-qms-014-access-matrix.html"
"../04-SOPs/sop-qms-010-external-provider-control.html","3","sop-qms-010-external-provider-control.html"
"../../04-SOPs/sop-qms-010-external-provider-control.html","3","sop-qms-010-external-provider-control.html"
"../../../09-Annexes-References/01-ANNEX-QMS/annex-qms-005-m365-lists-and-field-mapping.html","3","annex-qms-005-m365-lists-and-field-mapping.html"
"../09-Annexes-References/01-ANNEX-QMS/annex-qms-016-climate-change-relevance-assessment.html","3","annex-qms-016-climate-change-relevance-assessment.html"
"../../05-Processes/11-PROC-QA/proc-qa-007-cleanliness-inspection-particle-count.html","3","proc-qa-007-cleanliness-inspection-particle-count.html"
"../09-Annexes-References/01-ANNEX-QMS/annex-qms-017-fod-prevention-program.html","3","annex-qms-017-fod-prevention-program.html"
"../../../09-Annexes-References/01-ANNEX-QMS/annex-qms-009-tier-meeting-cadence-and-escalation-standard-work.html","3","annex-qms-009-tier-meeting-cadence-and-escalation-standard-work.html"
"../../../09-Annexes-References/01-ANNEX-QMS/annex-qms-008-dashboard-kpi-dictionary-and-data-model.html","3","annex-qms-008-dashboard-kpi-dictionary-and-data-model.html"
"../09-Annexes-References/01-ANNEX-QMS/annex-qms-019-m365-folder-structure-blueprint.html","3","annex-qms-019-m365-folder-structure-blueprint.html"
"../../05-Processes/01-PROC-CNC/proc-cnc-002-program-setup-release-control.html","3","proc-cnc-002-program-setup-release-control.html"
"../../05-Processes/02-PROC-ENG/proc-eng-002-engineering-release-and-baseline-package.html","3","proc-eng-002-engineering-release-and-baseline-package.html"
"../../05-Processes/11-PROC-QA/proc-qa-001-ipqc-reaction-plan.html","3","proc-qa-001-ipqc-reaction-plan.html"
"../05-Processes/08-PROC-OPS/proc-ops-001-order-fulfillment.html","2","proc-ops-001-order-fulfillment.html"
"../05-Processes/04-PROC-HR/proc-hr-001-competency-and-training-administration.html","2","proc-hr-001-competency-and-training-administration.html"
"../07-Forms-Records/11-FRM-QA/frm-qa-011-final-inspection-coc-issue-log.html","2","frm-qa-011-final-inspection-coc-issue-log.html"
"../04-SOPs/sop-qms-023-competence-training-awareness.html","2","sop-qms-023-competence-training-awareness.html"
"../05-Processes/11-PROC-QA/proc-qa-006-material-traceability-flow.html","2","proc-qa-006-material-traceability-flow.html"
"../05-Processes/08-PROC-OPS/proc-ops-002-finishing-and-deburr.html","2","proc-ops-002-finishing-and-deburr.html"
"../05-Processes/02-PROC-ENG/proc-eng-002-engineering-release-and-baseline-package.html","2","proc-eng-002-engineering-release-and-baseline-package.html"
"../05-Processes/11-PROC-QA/proc-qa-005-process-fmea-and-control-plan-execution.html","2","proc-qa-005-process-fmea-and-control-plan-execution.html"
"../09-Annexes-References/01-ANNEX-QMS/annex-qms-010-powerbi-deployment-pack.html","2","annex-qms-010-powerbi-deployment-pack.html"
"../../../07-Forms-Records/12-FRM-QMS/frm-qms-016-quarterly-access-review-evidence-pack.html","2","frm-qms-016-quarterly-access-review-evidence-pack.html"
"../../../07-Forms-Records/04-FRM-HR/frm-hr-trn-008-test-blueprint.html","2","frm-hr-trn-008-test-blueprint.html"
"../../../04-SOPs/sop-qms-002-quality-policy-objectives.html","2","sop-qms-002-quality-policy-objectives.html"
"../05-Processes/07-PROC-MNT/proc-mnt-003-crash-incident-response.html","2","proc-mnt-003-crash-incident-response.html"
"../05-Processes/05-PROC-HSE/proc-hse-001-incident-near-miss-management.html","2","proc-hse-001-incident-near-miss-management.html"
"../../../07-Forms-Records/04-FRM-HR/frm-hr-trn-010-evaluation-rubric.html","2","frm-hr-trn-010-evaluation-rubric.html"
"../07-Forms-Records/13-FRM-SAL/frm-sal-004-warranty-rma-tracking.html","2","frm-sal-004-warranty-rma-tracking.html"
"../04-SOPs/sop-qms-024-organizational-knowledge-management.html","2","sop-qms-024-organizational-knowledge-management.html"
"../../../06-Work-Instructions/02-WI-OPS/wi-ops-007-dashboard-and-tier-meetings.html","2","wi-ops-007-dashboard-and-tier-meetings.html"
"../04-SOPs/sop-qms-013-measurement-system-management.html","2","sop-qms-013-measurement-system-management.html"
"../05-Processes/11-PROC-QA/proc-qa-002-layered-process-audit.html","2","proc-qa-002-layered-process-audit.html"
"../../../07-Forms-Records/02-FRM-ENG/frm-eng-001-costing-sheet.html","2","frm-eng-001-costing-sheet.html"
"../07-Forms-Records/12-FRM-QMS/frm-qms-011-lessons-learned-log.html","2","frm-qms-011-lessons-learned-log.html"
"../06-Work-Instructions/02-WI-OPS/wi-ops-010-gs1-sscc-shipping-label-and-pack-reconciliation.html","2","wi-ops-010-gs1-sscc-shipping-label-and-pack-reconciliation.html"
"../../../07-Forms-Records/14-FRM-WHS/frm-whs-007-packaging-checklist.html","2","frm-whs-007-packaging-checklist.html"
"../07-Forms-Records/08-FRM-OPS/frm-ops-009-a3-pdca-problem-solving-form.html","2","frm-ops-009-a3-pdca-problem-solving-form.html"
"../07-Forms-Records/08-FRM-OPS/frm-ops-004-finishing-checklist.html","2","frm-ops-004-finishing-checklist.html"
"../04-SOPs/sop-qms-020-continual-improvement-and-kaizen.html","2","sop-qms-020-continual-improvement-and-kaizen.html"
"../05-Processes/01-PROC-CNC/proc-cnc-001-cnc-machining-execution.html","2","proc-cnc-001-cnc-machining-execution.html"
"../05-Processes/11-PROC-QA/proc-qa-004-final-inspection-coc-release.html","2","proc-qa-004-final-inspection-coc-release.html"
"../07-Forms-Records/12-FRM-QMS/frm-qms-003-management-review-minutes.html","2","frm-qms-003-management-review-minutes.html"
"../../../07-Forms-Records/13-FRM-SAL/frm-sal-001-rfq-intake.html","2","frm-sal-001-rfq-intake.html"
"../../../09-Annexes-References/01-ANNEX-QMS/annex-qms-007-gs1-sscc-data-dictionary-and-pack-reconciliation.html","2","annex-qms-007-gs1-sscc-data-dictionary-and-pack-reconciliation.html"
"../04-SOPs/sop-qms-012-customer-complaint-escape-containment.html","2","sop-qms-012-customer-complaint-escape-containment.html"
"../06-Work-Instructions/01-WI-CNC/wi-cnc-001-machine-type-quick-reference.html","2","wi-cnc-001-machine-type-quick-reference.html"
"../../05-Processes/06-PROC-IT/proc-it-001-user-access-provisioning-offboarding.html","2","proc-it-001-user-access-provisioning-offboarding.html"
"../../../07-Forms-Records/14-FRM-WHS/frm-whs-003-wip-tag.html","2","frm-whs-003-wip-tag.html"
"../../../07-Forms-Records/11-FRM-QA/frm-qa-010-gage-rr-study-record.html","2","frm-qa-010-gage-rr-study-record.html"
"../../../07-Forms-Records/14-FRM-WHS/frm-whs-004-part-label.html","2","frm-whs-004-part-label.html"
"../../../07-Forms-Records/13-FRM-SAL/frm-sal-003-customer-change-order-review.html","2","frm-sal-003-customer-change-order-review.html"
"../../05-Processes/11-PROC-QA/proc-qa-006-material-traceability-flow.html","2","proc-qa-006-material-traceability-flow.html"
"../02-Department-Handbooks/annex-dep-hse-001-hse.html","2","annex-dep-hse-001-hse.html"
"../../04-SOPs/sop-qms-015-contingency-operation-plan.html","2","sop-qms-015-contingency-operation-plan.html"
"../../09-Annexes-References/01-ANNEX-QMS/annex-qms-009-tier-meeting-cadence-and-escalation-standard-work.html","2","annex-qms-009-tier-meeting-cadence-and-escalation-standard-work.html"
"../../07-Forms-Records/11-FRM-QA/frm-qa-006-qc-hold-log.html","2","frm-qa-006-qc-hold-log.html"
"../../05-Processes/09-PROC-PLA/proc-pla-002-dispatch-control-and-capacity-review.html","2","proc-pla-002-dispatch-control-and-capacity-review.html"
"../../../05-Processes/07-PROC-MNT/proc-mnt-001-tooling-and-fixture-control.html","2","proc-mnt-001-tooling-and-fixture-control.html"
"../../05-Processes/01-PROC-CNC/proc-cnc-001-cnc-machining-execution.html","2","proc-cnc-001-cnc-machining-execution.html"
"../../../07-Forms-Records/04-FRM-HR/frm-hr-trn-007-skill-matrix-update-request.html","2","frm-hr-trn-007-skill-matrix-update-request.html"
"../../../07-Forms-Records/11-FRM-QA/frm-qa-014-spc-capability-log.html","2","frm-qa-014-spc-capability-log.html"
"../../../05-Processes/01-PROC-CNC/proc-cnc-001-cnc-machining-execution.html","2","proc-cnc-001-cnc-machining-execution.html"
"../../../05-Processes/08-PROC-OPS/proc-ops-001-order-fulfillment.html","2","proc-ops-001-order-fulfillment.html"
"../../05-Processes/13-PROC-WHS/proc-whs-001-receiving-and-warehouse.html","2","proc-whs-001-receiving-and-warehouse.html"
"../06-Work-Instructions/01-WI-CNC/wi-cnc-005-mill-turn-multitask-guide.html","2","wi-cnc-005-mill-turn-multitask-guide.html"
"../../05-Processes/13-PROC-WHS/proc-whs-002-packaging-and-labeling.html","2","proc-whs-002-packaging-and-labeling.html"
"../../../07-Forms-Records/04-FRM-HR/frm-hr-trn-011-skill-matrix-bonus-map.html","2","frm-hr-trn-011-skill-matrix-bonus-map.html"
"../../../07-Forms-Records/04-FRM-HR/frm-hr-trn-002-attendance-list.html","2","frm-hr-trn-002-attendance-list.html"
"../05-Processes/12-PROC-SAL/proc-sal-002-warranty-rma-process.html","2","proc-sal-002-warranty-rma-process.html"
"../../../07-Forms-Records/04-FRM-HR/frm-hr-trn-009-quiz-template.html","2","frm-hr-trn-009-quiz-template.html"
"../07-Forms-Records/12-FRM-QMS/frm-qms-021-climate-context-decision-record.html","2","frm-qms-021-climate-context-decision-record.html"
"../../05-Processes/10-PROC-PUR/proc-pur-001-outsource-finishing.html","2","proc-pur-001-outsource-finishing.html"
"../../05-Processes/07-PROC-MNT/proc-mnt-001-tooling-and-fixture-control.html","2","proc-mnt-001-tooling-and-fixture-control.html"
"../../../04-SOPs/sop-qms-010-external-provider-control.html","2","sop-qms-010-external-provider-control.html"
"../../../05-Processes/03-PROC-FIN/proc-fin-002-job-costing-and-margin-review.html","2","proc-fin-002-job-costing-and-margin-review.html"
"../../05-Processes/02-PROC-ENG/proc-eng-001-engineering-dfm-and-quoting.html","2","proc-eng-001-engineering-dfm-and-quoting.html"
"../../05-Processes/13-PROC-WHS/proc-whs-003-handling-and-preservation.html","2","proc-whs-003-handling-and-preservation.html"
"../../04-SOPs/sop-qms-009-first-article-inspection.html","2","sop-qms-009-first-article-inspection.html"
"../../04-SOPs/sop-qms-012-customer-complaint-escape-containment.html","2","sop-qms-012-customer-complaint-escape-containment.html"
"../09-Annexes-References/01-ANNEX-QMS/annex-qms-011-epicor-integration-pack.html","1","annex-qms-011-epicor-integration-pack.html"
"../07-Forms-Records/07-FRM-MNT/frm-mnt-002-crash-incident-report.html","1","frm-mnt-002-crash-incident-report.html"
"../02-Department-Handbooks/annex-dep-pur-001-purchasing.html","1","annex-dep-pur-001-purchasing.html"
"../07-Forms-Records/07-FRM-MNT/frm-mnt-005-machine-history-card.html","1","frm-mnt-005-machine-history-card.html"
"../09-Annexes-References/01-ANNEX-QMS/annex-qms-005-m365-lists-and-field-mapping.html","1","annex-qms-005-m365-lists-and-field-mapping.html"
"../08-Organization/03-Job-Descriptions","1","03-Job-Descriptions"
"../07-Forms-Records/12-FRM-QMS/frm-qms-026-gage-equipment-inventory.html","1","frm-qms-026-gage-equipment-inventory.html"
