"Count","Name"
"96","../../02-Training-Content/03-Practice-Drills/index.html"
"26","../../../07-Forms-Records/04-FRM-HR/frm-hr-trn-003-checklist-ojt.html"
"20","../../index.html"
"15","../../../04-SOPs/sop-qms-011-data-governance.html"
"14","../../../06-Work-Instructions/02-WI-OPS/wi-ops-008-job-dossier-governance-and-evidence-pack.html"
"12","../../../06-Work-Instructions/02-WI-OPS/wi-ops-001-quality-gates.html"
"11","../../../08-Organization/03-Job-Descriptions/"
"10","../../../07-Forms-Records/11-FRM-QA/frm-qa-003-ncr-report.html"
"9","../../../07-Forms-Records/11-FRM-QA/frm-qa-006-qc-hold-log.html"
"9","../../../07-Forms-Records/02-FRM-ENG/frm-eng-002-setup-sheet.html"
"9","../../../07-Forms-Records/10-FRM-PUR/frm-pur-005-supplier-scorecard.html"
"9","../../../05-Processes/01-PROC-CNC/proc-cnc-002-program-setup-release-control.html"
"9","../../../07-Forms-Records/08-FRM-OPS/frm-ops-001-job-traveler.html"
"9","../04-SOPs/sop-qms-011-data-governance.html"
"9","../../../07-Forms-Records/10-FRM-PUR/frm-pur-006-scar-request.html"
"8","../../04-SOPs/sop-qms-006-nc-capa.html"
"8","../../../07-Forms-Records/08-FRM-OPS/frm-ops-003-tool-life-log.html"
"8","../../../07-Forms-Records/12-FRM-QMS/frm-qms-006-change-impact-matrix.html"
"7","../../../07-Forms-Records/11-FRM-QA/frm-qa-004-capa8-d.html"
"7","../../../07-Forms-Records/02-FRM-ENG/frm-eng-003-change-request.html"
"7","../../../07-Forms-Records/10-FRM-PUR/frm-pur-002-supplier-evaluation.html"
"7","../../../07-Forms-Records/11-FRM-QA/frm-qa-005-outsource-finish-incoming-inspection.html"
"7","../../../07-Forms-Records/10-FRM-PUR/frm-pur-003-outsource-finishing-request.html"
"7","../../04-SOPs/sop-qms-001-document-control.html"
"7","../../../04-SOPs/sop-qms-008-change-management.html"
"7","../../../05-Processes/11-PROC-QA/proc-qa-002-layered-process-audit.html"
"6","../../../05-Processes/09-PROC-PLA/proc-pla-002-dispatch-control-and-capacity-review.html"
"6","../../../07-Forms-Records/14-FRM-WHS/frm-whs-001-receiving-iqc.html"
"6","../../../04-SOPs/sop-qms-006-nc-capa.html"
"6","../../../07-Forms-Records/04-FRM-HR/frm-hr-trn-004-competency-assessment.html"
"6","../../../05-Processes/08-PROC-OPS/proc-ops-003-escalation-sla-and-wip.html"
"6","../../04-SOPs/sop-qms-011-data-governance.html"
"6","../../04-SOPs/sop-qms-008-change-management.html"
"6","../../../07-Forms-Records/12-FRM-QMS/frm-qms-022-document-data-change-notice.html"
"6","../../../07-Forms-Records/11-FRM-QA/frm-qa-012-control-plan.html"
"6","../../../07-Forms-Records/11-FRM-QA/frm-qa-016-inspection-program-release-checklist.html"
"6","../../../07-Forms-Records/11-FRM-QA/frm-qa-002-inspection-report.html"
"6","../../../09-Annexes-References/01-ANNEX-QMS/annex-qms-003-audit-evidence-pack-master.html"
"6","../../../07-Forms-Records/10-FRM-PUR/frm-pur-004-outsource-dispatch-checklist.html"
"5","../../../07-Forms-Records/04-FRM-HR/frm-hr-trn-005-level-certification.html"
"5","../../../07-Forms-Records/11-FRM-QA/frm-qa-013-pfmea-lite.html"
"5","../04-SOPs/sop-qms-006-nc-capa.html"
"5","../04-SOPs/sop-qms-003-risk-opportunity.html"
"5","../../../04-SOPs/sop-qms-001-document-control.html"
"5","../04-SOPs/sop-qms-017-configuration-management.html"
"5","../../05-Processes/03-PROC-FIN/proc-fin-001-invoicing-and-ar.html"
"5","../../../07-Forms-Records/10-FRM-PUR/frm-pur-001-po-tracker.html"
"5","../../../07-Forms-Records/08-FRM-OPS/frm-ops-002-downtime-log.html"
"4","../../../07-Forms-Records/12-FRM-QMS/frm-qms-007-peer-review-log.html"
"4","../../../04-SOPs/sop-qms-004-internal-audit.html"
"4","../../05-Processes/05-PROC-HSE/proc-hse-001-incident-near-miss-management.html"
"4","../09-Annexes-References/01-ANNEX-QMS/annex-qms-024-semi-standards-and-csr-matrix.html"
"4","../09-Annexes-References/01-ANNEX-QMS/annex-qms-020-escalation-matrix-and-sla.html"
"4","../04-SOPs/sop-qms-018-counterfeit-parts-prevention.html"
"4","../../05-Processes/03-PROC-FIN/proc-fin-002-job-costing-and-margin-review.html"
"4","../../../05-Processes/10-PROC-PUR/proc-pur-002-purchasing-and-supplier-control.html"
"4","../04-SOPs/sop-qms-008-change-management.html"
"4","../../05-Processes/10-PROC-PUR/proc-pur-002-purchasing-and-supplier-control.html"
"4","../../05-Processes/11-PROC-QA/proc-qa-004-final-inspection-coc-release.html"
"4","../02-Department-Handbooks/annex-dep-hr-001-hr.html"
"4","../04-SOPs/sop-qms-005-management-review.html"
"4","../../../07-Forms-Records/08-FRM-OPS/frm-ops-007-wip-aging-log.html"
"4","../07-Forms-Records/10-FRM-PUR/frm-pur-008-flowdown-requirements-checklist.html"
"4","../../../07-Forms-Records/08-FRM-OPS/frm-ops-006-daily-dispatch-list.html"
"4","../../../06-Work-Instructions/02-WI-OPS/wi-ops-003-dispatch-and-wip-control.html"
"4","../../../09-Annexes-References/04-ANNEX-OPS/annex-ops-001-dispatch-capacity-wip-rules.html"
"4","../09-Annexes-References/01-ANNEX-QMS/annex-qms-003-audit-evidence-pack-master.html"
"4","../04-SOPs/sop-qms-021-human-factors-error-prevention.html"
"3","../../../05-Processes/10-PROC-PUR/proc-pur-001-outsource-finishing.html"
"3","../../../09-Annexes-References/01-ANNEX-QMS/annex-qms-009-tier-meeting-cadence-and-escalation-standard-work.html"
"3","../07-Forms-Records/08-FRM-OPS/frm-ops-008-job-kickoff-checklist.html"
"3","../04-SOPs/sop-qms-001-document-control.html"
"3","../../05-Processes/08-PROC-OPS/proc-ops-001-order-fulfillment.html"
"3","../02-Department-Handbooks/annex-dep-pro-001-production.html"
"3","../../../09-Annexes-References/01-ANNEX-QMS/annex-qms-005-m365-lists-and-field-mapping.html"
"3","../06-Work-Instructions/02-WI-OPS/wi-ops-004-kpi-scoreboard.html"
"3","../02-Department-Handbooks/annex-dep-whs-001-warehouse.html"
"3","../../05-Processes/01-PROC-CNC/proc-cnc-002-program-setup-release-control.html"
"3","../05-Processes/01-PROC-CNC/proc-cnc-002-program-setup-release-control.html"
"3","../../../07-Forms-Records/11-FRM-QA/frm-qa-001-contract-review.html"
"3","../../../07-Forms-Records/14-FRM-WHS/frm-whs-002-shipping-checklist.html"
"3","../../07-Forms-Records/11-FRM-QA/frm-qa-001-contract-review.html"
"3","../../../04-SOPs/sop-qms-005-management-review.html"
"3","../04-SOPs/sop-qms-022-customer-property-control.html"
"3","../07-Forms-Records/11-FRM-QA/frm-qa-001-contract-review.html"
"3","../../../05-Processes/13-PROC-WHS/proc-whs-001-receiving-and-warehouse.html"
"3","../07-Forms-Records/11-FRM-QA/frm-qa-018-safety-critical-characteristics-register.html"
"3","../../05-Processes/02-PROC-ENG/proc-eng-002-engineering-release-and-baseline-package.html"
"3","../02-Training-Content/03-Practice-Drills/index.html"
"3","../../04-SOPs/sop-qms-010-external-provider-control.html"
"3","../../../04-SOPs/sop-qms-012-customer-complaint-escape-containment.html"
"3","../../../05-Processes/02-PROC-ENG/proc-eng-002-engineering-release-and-baseline-package.html"
"3","../10-Training-Academy/index.html"
"3","../../../07-Forms-Records/10-FRM-PUR/frm-pur-007-supplier-product-folder-index.html"
"3","../04-SOPs/sop-qms-010-external-provider-control.html"
"3","../../../04-SOPs/sop-qms-007-calibration.html"
"3","../04-SOPs/sop-qms-016-product-safety-and-conformity.html"
"3","../09-Annexes-References/01-ANNEX-QMS/annex-qms-017-fod-prevention-program.html"
"3","../09-Annexes-References/01-ANNEX-QMS/annex-qms-016-climate-change-relevance-assessment.html"
"3","../09-Annexes-References/01-ANNEX-QMS/annex-qms-019-m365-folder-structure-blueprint.html"
"3","../../../07-Forms-Records/11-FRM-QA/frm-qa-007-fai-report.html"
"3","../04-SOPs/sop-qms-019-special-process-qualification.html"
"3","../../05-Processes/04-PROC-HR/proc-hr-001-competency-and-training-administration.html"
"3","../07-Forms-Records/12-FRM-QMS/frm-qms-023-customer-specific-requirements-register.html"
"3","../../../07-Forms-Records/11-FRM-QA/frm-qa-017-configuration-audit-checklist.html"
"3","../../../09-Annexes-References/01-ANNEX-QMS/annex-qms-008-dashboard-kpi-dictionary-and-data-model.html"
"3","../../../07-Forms-Records/12-FRM-QMS/frm-qms-005-risk-register.html"
"3","../04-SOPs/sop-qms-004-internal-audit.html"
"3","../07-Forms-Records/11-FRM-QA/frm-qa-017-configuration-audit-checklist.html"
"3","../../05-Processes/11-PROC-QA/proc-qa-007-cleanliness-inspection-particle-count.html"
"3","../07-Forms-Records/08-FRM-OPS/frm-ops-010-operational-risk-management-worksheet.html"
"3","../../05-Processes/11-PROC-QA/proc-qa-001-ipqc-reaction-plan.html"
"3","../../04-SOPs/sop-qms-025-contamination-control-and-cleanliness.html"
"2","../../05-Processes/01-PROC-CNC/proc-cnc-001-cnc-machining-execution.html"
"2","../../05-Processes/09-PROC-PLA/proc-pla-002-dispatch-control-and-capacity-review.html"
"2","../../../07-Forms-Records/14-FRM-WHS/frm-whs-004-part-label.html"
"2","../../../05-Processes/01-PROC-CNC/proc-cnc-001-cnc-machining-execution.html"
"2","../../04-SOPs/sop-qms-003-risk-opportunity.html"
"2","../../04-SOPs/sop-qms-015-contingency-operation-plan.html"
"2","../../04-SOPs/sop-qms-005-management-review.html"
"2","../../05-Processes/13-PROC-WHS/proc-whs-002-packaging-and-labeling.html"
"2","../02-Department-Handbooks/annex-dep-hse-001-hse.html"
"2","../../05-Processes/11-PROC-QA/proc-qa-006-material-traceability-flow.html"
"2","../../../04-SOPs/sop-qms-003-risk-opportunity.html"
"2","../../../07-Forms-Records/14-FRM-WHS/frm-whs-003-wip-tag.html"
"2","../../05-Processes/06-PROC-IT/proc-it-001-user-access-provisioning-offboarding.html"
"2","../../../06-Work-Instructions/02-WI-OPS/wi-ops-005-ship-release-pack.html"
"2","../../04-SOPs/sop-qms-004-internal-audit.html"
"2","../../04-SOPs/sop-qms-007-calibration.html"
"2","../../04-SOPs/sop-qms-012-customer-complaint-escape-containment.html"
"2","../../../07-Forms-Records/13-FRM-SAL/frm-sal-003-customer-change-order-review.html"
"2","../../04-SOPs/sop-qms-009-first-article-inspection.html"
"2","../../05-Processes/13-PROC-WHS/proc-whs-001-receiving-and-warehouse.html"
"2","../../05-Processes/13-PROC-WHS/proc-whs-003-handling-and-preservation.html"
"2","../../05-Processes/02-PROC-ENG/proc-eng-001-engineering-dfm-and-quoting.html"
"2","../../05-Processes/10-PROC-PUR/proc-pur-001-outsource-finishing.html"
"2","../../05-Processes/07-PROC-MNT/proc-mnt-001-tooling-and-fixture-control.html"
"2","../06-Work-Instructions/01-WI-CNC/wi-cnc-005-mill-turn-multitask-guide.html"
"2","../07-Forms-Records/12-FRM-QMS/frm-qms-021-climate-context-decision-record.html"
"2","../../../07-Forms-Records/04-FRM-HR/frm-hr-trn-002-attendance-list.html"
"2","../06-Work-Instructions/01-WI-CNC/wi-cnc-001-machine-type-quick-reference.html"
"2","../05-Processes/07-PROC-MNT/proc-mnt-003-crash-incident-response.html"
"2","../05-Processes/12-PROC-SAL/proc-sal-002-warranty-rma-process.html"
"2","../06-Work-Instructions/02-WI-OPS/wi-ops-001-quality-gates.html"
"2","../07-Forms-Records/13-FRM-SAL/frm-sal-004-warranty-rma-tracking.html"
"2","../../../07-Forms-Records/12-FRM-QMS/frm-qms-016-quarterly-access-review-evidence-pack.html"
"2","../../../07-Forms-Records/12-FRM-QMS/frm-qms-014-access-matrix.html#edam"
"2","../07-Forms-Records/08-FRM-OPS/frm-ops-004-finishing-checklist.html"
"2","../09-Annexes-References/01-ANNEX-QMS/annex-qms-010-powerbi-deployment-pack.html"
"2","../../../07-Forms-Records/04-FRM-HR/frm-hr-trn-009-quiz-template.html"
"2","../../../05-Processes/08-PROC-OPS/proc-ops-001-order-fulfillment.html"
"2","../../../07-Forms-Records/12-FRM-QMS/frm-qms-014-access-matrix.html#DCR record"
"2","../05-Processes/08-PROC-OPS/proc-ops-002-finishing-and-deburr.html"
"2","../05-Processes/04-PROC-HR/proc-hr-001-competency-and-training-administration.html"
"2","../05-Processes/02-PROC-ENG/proc-eng-002-engineering-release-and-baseline-package.html"
"2","../05-Processes/05-PROC-HSE/proc-hse-001-incident-near-miss-management.html"
"2","../../../07-Forms-Records/04-FRM-HR/frm-hr-trn-011-skill-matrix-bonus-map.html"
"2","../05-Processes/08-PROC-OPS/proc-ops-001-order-fulfillment.html"
"2","../10-Training-Academy/03-System-Operations/01-System-Guides/index.html"
"2","../07-Forms-Records/index.html"
"2","../07-Forms-Records/11-FRM-QA/frm-qa-011-final-inspection-coc-issue-log.html"
"2","../05-Processes/11-PROC-QA/proc-qa-004-final-inspection-coc-release.html"
"2","../05-Processes/11-PROC-QA/proc-qa-005-process-fmea-and-control-plan-execution.html"
"2","../05-Processes/11-PROC-QA/proc-qa-006-material-traceability-flow.html"
"2","../05-Processes/01-PROC-CNC/proc-cnc-001-cnc-machining-execution.html"
"2","../../07-Forms-Records/02-FRM-ENG/frm-eng-002-setup-sheet.html"
"2","../04-SOPs/sop-qms-023-competence-training-awareness.html"
"2","../04-SOPs/sop-qms-024-organizational-knowledge-management.html"
"2","../04-SOPs/sop-qms-013-measurement-system-management.html"
"2","../../../07-Forms-Records/13-FRM-SAL/frm-sal-001-rfq-intake.html"
"2","../../../07-Forms-Records/04-FRM-HR/frm-hr-trn-007-skill-matrix-update-request.html"
"2","../../../05-Processes/03-PROC-FIN/proc-fin-002-job-costing-and-margin-review.html"
"2","../07-Forms-Records/12-FRM-QMS/frm-qms-011-lessons-learned-log.html"
"2","../../../09-Annexes-References/01-ANNEX-QMS/annex-qms-007-gs1-sscc-data-dictionary-and-pack-reconciliation.html"
"2","../../../07-Forms-Records/14-FRM-WHS/frm-whs-007-packaging-checklist.html"
"2","../../../07-Forms-Records/02-FRM-ENG/frm-eng-001-costing-sheet.html"
"2","../../../04-SOPs/sop-qms-010-external-provider-control.html"
"2","../../07-Forms-Records/14-FRM-WHS/frm-whs-001-receiving-iqc.html"
"2","../../07-Forms-Records/11-FRM-QA/frm-qa-006-qc-hold-log.html"
"2","../../07-Forms-Records/11-FRM-QA/frm-qa-004-capa8-d.html"
"2","../../../05-Processes/07-PROC-MNT/proc-mnt-001-tooling-and-fixture-control.html"
"2","../../../07-Forms-Records/11-FRM-QA/frm-qa-010-gage-rr-study-record.html"
"2","../../09-Annexes-References/01-ANNEX-QMS/annex-qms-009-tier-meeting-cadence-and-escalation-standard-work.html"
"2","../../../07-Forms-Records/11-FRM-QA/frm-qa-014-spc-capability-log.html"
"2","../../../07-Forms-Records/04-FRM-HR/frm-hr-trn-008-test-blueprint.html"
"2","../../../06-Work-Instructions/02-WI-OPS/wi-ops-004-kpi-scoreboard.html"
"2","../../../04-SOPs/sop-qms-002-quality-policy-objectives.html"
"2","../04-SOPs/sop-qms-012-customer-complaint-escape-containment.html"
"2","../06-Work-Instructions/02-WI-OPS/wi-ops-005-ship-release-pack.html"
"2","../06-Work-Instructions/02-WI-OPS/wi-ops-010-gs1-sscc-shipping-label-and-pack-reconciliation.html"
"2","../../../07-Forms-Records/04-FRM-HR/frm-hr-trn-010-evaluation-rubric.html"
"2","../05-Processes/11-PROC-QA/proc-qa-002-layered-process-audit.html"
"2","../07-Forms-Records/08-FRM-OPS/frm-ops-009-a3-pdca-problem-solving-form.html"
"2","../07-Forms-Records/12-FRM-QMS/frm-qms-005-risk-register.html"
"2","../../../06-Work-Instructions/02-WI-OPS/wi-ops-007-dashboard-and-tier-meetings.html"
"2","../07-Forms-Records/12-FRM-QMS/frm-qms-003-management-review-minutes.html"
"2","../04-SOPs/sop-qms-020-continual-improvement-and-kaizen.html"
"1","../"
"1","../../../05-Processes/09-PROC-PLA/proc-pla-001-production-planning-and-scheduling.html"
"1","../../../04-SOPs/sop-qms-009-first-article-inspection.html"
