"File","MarkerCount"
"C:\Users\TEST4\qms.hesem.com.vn\01-QMS-Portal\scripts\portal\03-editor-core.js","3034"
"C:\Users\TEST4\qms.hesem.com.vn\11-Glossary\dict-data.js","2343"
"C:\Users\TEST4\qms.hesem.com.vn\01-QMS-Portal\scripts\portal\02-state-auth-ui.js","2288"
"C:\Users\TEST4\qms.hesem.com.vn\10-Training-Academy\04-Templates-Tools\trainee-workbook.html","371"
"C:\Users\TEST4\qms.hesem.com.vn\01-QMS-Portal\scripts\portal\05-workflow-panel.js","284"
"C:\Users\TEST4\qms.hesem.com.vn\01-QMS-Portal\scripts\portal\04-workflow-actions.js","239"
"C:\Users\TEST4\qms.hesem.com.vn\01-QMS-Portal\styles\portal.main.css","201"
"C:\Users\TEST4\qms.hesem.com.vn\01-QMS-Portal\portal.html","198"
"C:\Users\TEST4\qms.hesem.com.vn\10-Training-Academy\03-System-Operations\02-Training-Ops\TRN-OPS-06.html","116"
"C:\Users\TEST4\qms.hesem.com.vn\10-Training-Academy\04-Templates-Tools\role-gate-tests.html","110"
"C:\Users\TEST4\qms.hesem.com.vn\10-Training-Academy\03-System-Operations\01-System-Guides\SYS-OPS-12.html","95"
"C:\Users\TEST4\qms.hesem.com.vn\10-Training-Academy\03-System-Operations\01-System-Guides\SYS-OPS-01.html","93"
"C:\Users\TEST4\qms.hesem.com.vn\10-Training-Academy\01-Competency-System\02-Levels\06-C06\C06-L3.html","91"
"C:\Users\TEST4\qms.hesem.com.vn\10-Training-Academy\01-Competency-System\02-Levels\06-C06\C06-L2.html","85"
"C:\Users\TEST4\qms.hesem.com.vn\10-Training-Academy\03-System-Operations\01-System-Guides\SYS-OPS-23.html","85"
"C:\Users\TEST4\qms.hesem.com.vn\10-Training-Academy\01-Competency-System\02-Levels\06-C06\C06-L4.html","84"
"C:\Users\TEST4\qms.hesem.com.vn\10-Training-Academy\03-System-Operations\01-System-Guides\SYS-OPS-09.html","84"
"C:\Users\TEST4\qms.hesem.com.vn\10-Training-Academy\01-Competency-System\01-Framework\assessment-matrix.html","82"
"C:\Users\TEST4\qms.hesem.com.vn\10-Training-Academy\01-Competency-System\02-Levels\06-C06\C06-L1.html","78"
"C:\Users\TEST4\qms.hesem.com.vn\10-Training-Academy\03-System-Operations\01-System-Guides\SYS-OPS-06.html","78"
"C:\Users\TEST4\qms.hesem.com.vn\10-Training-Academy\03-System-Operations\02-Training-Ops\TRN-OPS-04.html","77"
"C:\Users\TEST4\qms.hesem.com.vn\10-Training-Academy\03-System-Operations\01-System-Guides\SYS-OPS-20.html","76"
"C:\Users\TEST4\qms.hesem.com.vn\10-Training-Academy\03-System-Operations\02-Training-Ops\TRN-OPS-05.html","75"
"C:\Users\TEST4\qms.hesem.com.vn\10-Training-Academy\03-System-Operations\01-System-Guides\SYS-OPS-04.html","72"
"C:\Users\TEST4\qms.hesem.com.vn\10-Training-Academy\03-System-Operations\02-Training-Ops\TRN-OPS-02.html","70"
"C:\Users\TEST4\qms.hesem.com.vn\10-Training-Academy\03-System-Operations\01-System-Guides\SYS-OPS-10.html","64"
"C:\Users\TEST4\qms.hesem.com.vn\10-Training-Academy\03-System-Operations\01-System-Guides\SYS-OPS-03.html","64"
"C:\Users\TEST4\qms.hesem.com.vn\10-Training-Academy\01-Competency-System\02-Levels\07-C07\C07-L3.html","63"
"C:\Users\TEST4\qms.hesem.com.vn\10-Training-Academy\03-System-Operations\03-MRR-Pack\mrr-01-job-dossier.html","61"
"C:\Users\TEST4\qms.hesem.com.vn\10-Training-Academy\03-System-Operations\02-Training-Ops\TRN-OPS-01.html","57"
"C:\Users\TEST4\qms.hesem.com.vn\10-Training-Academy\03-System-Operations\02-Training-Ops\TRN-OPS-03.html","56"
"C:\Users\TEST4\qms.hesem.com.vn\10-Training-Academy\03-System-Operations\01-System-Guides\SYS-OPS-27.html","56"
"C:\Users\TEST4\qms.hesem.com.vn\10-Training-Academy\02-Training-Content\01-Modules\C06.html","56"
"C:\Users\TEST4\qms.hesem.com.vn\10-Training-Academy\01-Competency-System\02-Levels\12-C12\C12-L3.html","54"
"C:\Users\TEST4\qms.hesem.com.vn\01-QMS-Portal\scripts\portal\99-bootstrap.js","51"
"C:\Users\TEST4\qms.hesem.com.vn\10-Training-Academy\01-Competency-System\02-Levels\07-C07\C07-L4.html","51"
"C:\Users\TEST4\qms.hesem.com.vn\10-Training-Academy\01-Competency-System\02-Levels\07-C07\C07-L2.html","51"
"C:\Users\TEST4\qms.hesem.com.vn\10-Training-Academy\01-Competency-System\01-Framework\competency-metrics.html","51"
"C:\Users\TEST4\qms.hesem.com.vn\10-Training-Academy\03-System-Operations\01-System-Guides\SYS-OPS-28.html","50"
"C:\Users\TEST4\qms.hesem.com.vn\10-Training-Academy\01-Competency-System\02-Levels\07-C07\C07-L1.html","50"
"C:\Users\TEST4\qms.hesem.com.vn\10-Training-Academy\03-System-Operations\01-System-Guides\SYS-OPS-08.html","47"
"C:\Users\TEST4\qms.hesem.com.vn\10-Training-Academy\02-Training-Content\01-Modules\C07.html","46"
"C:\Users\TEST4\qms.hesem.com.vn\10-Training-Academy\03-System-Operations\01-System-Guides\SYS-OPS-17.html","45"
"C:\Users\TEST4\qms.hesem.com.vn\10-Training-Academy\02-Training-Content\02-OJT-Guides\ojt-role-qa-qms.html","45"
"C:\Users\TEST4\qms.hesem.com.vn\10-Training-Academy\03-System-Operations\01-System-Guides\SYS-OPS-02.html","45"
"C:\Users\TEST4\qms.hesem.com.vn\10-Training-Academy\03-System-Operations\01-System-Guides\SYS-OPS-07.html","45"
"C:\Users\TEST4\qms.hesem.com.vn\10-Training-Academy\02-Training-Content\02-OJT-Guides\ojt-role-setup-teamlead.html","45"
"C:\Users\TEST4\qms.hesem.com.vn\10-Training-Academy\02-Training-Content\02-OJT-Guides\ojt-role-qc-inspector.html","44"
"C:\Users\TEST4\qms.hesem.com.vn\10-Training-Academy\02-Training-Content\01-Modules\C12.html","44"
"C:\Users\TEST4\qms.hesem.com.vn\10-Training-Academy\02-Training-Content\02-OJT-Guides\ojt-role-planner-dispatcher.html","43"
"C:\Users\TEST4\qms.hesem.com.vn\10-Training-Academy\01-Competency-System\02-Levels\16-C16\C16-L3.html","42"
"C:\Users\TEST4\qms.hesem.com.vn\10-Training-Academy\02-Training-Content\01-Modules\C02.html","42"
"C:\Users\TEST4\qms.hesem.com.vn\10-Training-Academy\02-Training-Content\01-Modules\C04.html","42"
"C:\Users\TEST4\qms.hesem.com.vn\10-Training-Academy\02-Training-Content\01-Modules\C05.html","42"
"C:\Users\TEST4\qms.hesem.com.vn\10-Training-Academy\02-Training-Content\02-OJT-Guides\ojt-role-cam-nc.html","42"
"C:\Users\TEST4\qms.hesem.com.vn\10-Training-Academy\02-Training-Content\02-OJT-Guides\ojt-role-warehouse-receiving.html","42"
"C:\Users\TEST4\qms.hesem.com.vn\10-Training-Academy\02-Training-Content\02-OJT-Guides\ojt-role-operator.html","42"
"C:\Users\TEST4\qms.hesem.com.vn\10-Training-Academy\02-Training-Content\02-OJT-Guides\ojt-role-purchasing.html","42"
"C:\Users\TEST4\qms.hesem.com.vn\10-Training-Academy\04-Templates-Tools\evidence-naming-rule.html","41"
"C:\Users\TEST4\qms.hesem.com.vn\10-Training-Academy\02-Training-Content\01-Modules\C08.html","41"
"C:\Users\TEST4\qms.hesem.com.vn\10-Training-Academy\02-Training-Content\01-Modules\C03.html","41"
"C:\Users\TEST4\qms.hesem.com.vn\10-Training-Academy\02-Training-Content\01-Modules\C01.html","40"
"C:\Users\TEST4\qms.hesem.com.vn\10-Training-Academy\01-Competency-System\02-Levels\11-C11\C11-L4.html","40"
"C:\Users\TEST4\qms.hesem.com.vn\10-Training-Academy\02-Training-Content\01-Modules\C11.html","40"
"C:\Users\TEST4\qms.hesem.com.vn\10-Training-Academy\02-Training-Content\01-Modules\C19.html","39"
"C:\Users\TEST4\qms.hesem.com.vn\10-Training-Academy\02-Training-Content\01-Modules\C16.html","39"
"C:\Users\TEST4\qms.hesem.com.vn\10-Training-Academy\03-System-Operations\01-System-Guides\SYS-OPS-25.html","39"
"C:\Users\TEST4\qms.hesem.com.vn\10-Training-Academy\02-Training-Content\01-Modules\C09.html","39"
"C:\Users\TEST4\qms.hesem.com.vn\10-Training-Academy\02-Training-Content\01-Modules\C18.html","39"
"C:\Users\TEST4\qms.hesem.com.vn\10-Training-Academy\01-Competency-System\02-Levels\12-C12\C12-L4.html","38"
"C:\Users\TEST4\qms.hesem.com.vn\03-Tai-Lieu-Van-Hanh\01-SOPs\08-SOP-800\sop-801-competence-training-and-certification.html","38"
"C:\Users\TEST4\qms.hesem.com.vn\10-Training-Academy\01-Competency-System\02-Levels\19-C19\C19-L3.html","37"
"C:\Users\TEST4\qms.hesem.com.vn\10-Training-Academy\04-Templates-Tools\role-roadmaps.html","36"
"C:\Users\TEST4\qms.hesem.com.vn\10-Training-Academy\02-Training-Content\01-Modules\C13.html","36"
"C:\Users\TEST4\qms.hesem.com.vn\02-Tai-Lieu-He-Thong\03-Organization\05-Labor-Relations\annex-hr-lab-001-collective-bargaining-agreement.html","36"
"C:\Users\TEST4\qms.hesem.com.vn\10-Training-Academy\01-Competency-System\02-Levels\01-C01\C01-L3.html","35"
"C:\Users\TEST4\qms.hesem.com.vn\10-Training-Academy\02-Training-Content\01-Modules\C14.html","35"
"C:\Users\TEST4\qms.hesem.com.vn\10-Training-Academy\02-Training-Content\01-Modules\C15.html","35"
"C:\Users\TEST4\qms.hesem.com.vn\10-Training-Academy\02-Training-Content\01-Modules\C17.html","35"
"C:\Users\TEST4\qms.hesem.com.vn\10-Training-Academy\01-Competency-System\02-Levels\19-C19\C19-L4.html","35"
"C:\Users\TEST4\qms.hesem.com.vn\10-Training-Academy\03-System-Operations\01-System-Guides\SYS-OPS-15.html","34"
"C:\Users\TEST4\qms.hesem.com.vn\10-Training-Academy\01-Competency-System\02-Levels\01-C01\C01-L1.html","34"
"C:\Users\TEST4\qms.hesem.com.vn\10-Training-Academy\02-Training-Content\01-Modules\C10.html","34"
"C:\Users\TEST4\qms.hesem.com.vn\10-Training-Academy\03-System-Operations\01-System-Guides\SYS-OPS-16.html","33"
"C:\Users\TEST4\qms.hesem.com.vn\10-Training-Academy\01-Competency-System\02-Levels\14-C14\C14-L4.html","33"
"C:\Users\TEST4\qms.hesem.com.vn\10-Training-Academy\03-System-Operations\03-MRR-Pack\mrr-02-setup-fai.html","31"
"C:\Users\TEST4\qms.hesem.com.vn\10-Training-Academy\01-Competency-System\02-Levels\14-C14\C14-L3.html","31"
"C:\Users\TEST4\qms.hesem.com.vn\10-Training-Academy\01-Competency-System\02-Levels\11-C11\C11-L2.html","31"
"C:\Users\TEST4\qms.hesem.com.vn\10-Training-Academy\03-System-Operations\01-System-Guides\SYS-OPS-22.html","31"
"C:\Users\TEST4\qms.hesem.com.vn\10-Training-Academy\01-Competency-System\02-Levels\16-C16\C16-L4.html","30"
"C:\Users\TEST4\qms.hesem.com.vn\10-Training-Academy\01-Competency-System\02-Levels\01-C01\C01-L2.html","29"
"C:\Users\TEST4\qms.hesem.com.vn\10-Training-Academy\01-Competency-System\02-Levels\03-C03\C03-L3.html","29"
"C:\Users\TEST4\qms.hesem.com.vn\10-Training-Academy\02-Training-Content\02-OJT-Guides\ojt-role-index.html","28"
"C:\Users\TEST4\qms.hesem.com.vn\10-Training-Academy\01-Competency-System\02-Levels\11-C11\C11-L1.html","28"
"C:\Users\TEST4\qms.hesem.com.vn\10-Training-Academy\01-Competency-System\02-Levels\11-C11\C11-L3.html","28"
"C:\Users\TEST4\qms.hesem.com.vn\10-Training-Academy\03-System-Operations\01-System-Guides\SYS-OPS-24.html","28"
"C:\Users\TEST4\qms.hesem.com.vn\01-QMS-Portal\scripts\portal\01-data-config.js","28"
"C:\Users\TEST4\qms.hesem.com.vn\10-Training-Academy\03-System-Operations\03-MRR-Pack\mrr-07-training-cert.html","28"
"C:\Users\TEST4\qms.hesem.com.vn\10-Training-Academy\01-Competency-System\02-Levels\12-C12\C12-L2.html","27"
"C:\Users\TEST4\qms.hesem.com.vn\10-Training-Academy\03-System-Operations\01-System-Guides\SYS-OPS-26.html","27"
"C:\Users\TEST4\qms.hesem.com.vn\10-Training-Academy\01-Competency-System\02-Levels\16-C16\C16-L1.html","27"
"C:\Users\TEST4\qms.hesem.com.vn\10-Training-Academy\01-Competency-System\02-Levels\19-C19\C19-L2.html","27"
"C:\Users\TEST4\qms.hesem.com.vn\10-Training-Academy\01-Competency-System\02-Levels\16-C16\C16-L2.html","26"
"C:\Users\TEST4\qms.hesem.com.vn\10-Training-Academy\01-Competency-System\02-Levels\19-C19\C19-L1.html","26"
"C:\Users\TEST4\qms.hesem.com.vn\10-Training-Academy\01-Competency-System\02-Levels\08-C08\C08-L1.html","26"
"C:\Users\TEST4\qms.hesem.com.vn\10-Training-Academy\01-Competency-System\02-Levels\02-C02\C02-L3.html","26"
"C:\Users\TEST4\qms.hesem.com.vn\10-Training-Academy\01-Competency-System\02-Levels\02-C02\C02-L4.html","26"
"C:\Users\TEST4\qms.hesem.com.vn\03-Tai-Lieu-Van-Hanh\01-SOPs\01-SOP-100\sop-102-quality-policy-objectives-and-organizational-context.html","25"
"C:\Users\TEST4\qms.hesem.com.vn\10-Training-Academy\03-System-Operations\01-System-Guides\SYS-OPS-21.html","25"
"C:\Users\TEST4\qms.hesem.com.vn\10-Training-Academy\01-Competency-System\02-Levels\04-C04\C04-L3.html","25"
"C:\Users\TEST4\qms.hesem.com.vn\10-Training-Academy\03-System-Operations\01-System-Guides\SYS-OPS-13.html","24"
"C:\Users\TEST4\qms.hesem.com.vn\03-Tai-Lieu-Van-Hanh\01-SOPs\06-SOP-600\sop-604-spc-and-capability-control.html","24"
"C:\Users\TEST4\qms.hesem.com.vn\10-Training-Academy\03-System-Operations\01-System-Guides\SYS-OPS-19.html","24"
"C:\Users\TEST4\qms.hesem.com.vn\03-Tai-Lieu-Van-Hanh\01-SOPs\08-SOP-800\sop-802-incident-near-miss-and-ehs.html","24"
"C:\Users\TEST4\qms.hesem.com.vn\10-Training-Academy\01-Competency-System\02-Levels\08-C08\C08-L3.html","24"
"C:\Users\TEST4\qms.hesem.com.vn\10-Training-Academy\01-Competency-System\02-Levels\12-C12\C12-L1.html","23"
"C:\Users\TEST4\qms.hesem.com.vn\10-Training-Academy\01-Competency-System\02-Levels\14-C14\C14-L2.html","23"
"C:\Users\TEST4\qms.hesem.com.vn\10-Training-Academy\01-Competency-System\02-Levels\03-C03\C03-L1.html","23"
"C:\Users\TEST4\qms.hesem.com.vn\10-Training-Academy\01-Competency-System\02-Levels\01-C01\C01-L4.html","23"
"C:\Users\TEST4\qms.hesem.com.vn\03-Tai-Lieu-Van-Hanh\01-SOPs\09-SOP-900\sop-901-internal-audit-and-lpa.html","23"
"C:\Users\TEST4\qms.hesem.com.vn\10-Training-Academy\01-Competency-System\02-Levels\02-C02\C02-L1.html","22"
"C:\Users\TEST4\qms.hesem.com.vn\10-Training-Academy\01-Competency-System\02-Levels\14-C14\C14-L1.html","22"
"C:\Users\TEST4\qms.hesem.com.vn\10-Training-Academy\01-Competency-System\02-Levels\05-C05\C05-L1.html","22"
"C:\Users\TEST4\qms.hesem.com.vn\10-Training-Academy\03-System-Operations\03-MRR-Pack\mrr-06-daily-management.html","22"
"C:\Users\TEST4\qms.hesem.com.vn\10-Training-Academy\03-System-Operations\03-MRR-Pack\mrr-g2-engineering-release.html","21"
"C:\Users\TEST4\qms.hesem.com.vn\10-Training-Academy\03-System-Operations\03-MRR-Pack\mrr-05-supplier-subcon.html","21"
"C:\Users\TEST4\qms.hesem.com.vn\10-Training-Academy\01-Competency-System\02-Levels\04-C04\C04-L1.html","20"
"C:\Users\TEST4\qms.hesem.com.vn\10-Training-Academy\01-Competency-System\01-Framework\skill-matrix-bonus.html","20"
"C:\Users\TEST4\qms.hesem.com.vn\10-Training-Academy\03-System-Operations\03-MRR-Pack\mrr-g3-production-fai-release.html","19"
"C:\Users\TEST4\qms.hesem.com.vn\10-Training-Academy\03-System-Operations\03-MRR-Pack\mrr-g5-closeout-billing.html","19"
"C:\Users\TEST4\qms.hesem.com.vn\10-Training-Academy\04-Templates-Tools\certificate-template.html","19"
"C:\Users\TEST4\qms.hesem.com.vn\assets\style.css","18"
"C:\Users\TEST4\qms.hesem.com.vn\10-Training-Academy\02-Training-Content\02-OJT-Guides\ojt-tracker.html","18"
"C:\Users\TEST4\qms.hesem.com.vn\10-Training-Academy\03-System-Operations\03-MRR-Pack\mrr-g1-contract-kickoff.html","18"
"C:\Users\TEST4\qms.hesem.com.vn\10-Training-Academy\03-System-Operations\03-MRR-Pack\mrr-03-inspection-measurement.html","18"
"C:\Users\TEST4\qms.hesem.com.vn\10-Training-Academy\01-Competency-System\03-Matrices\training-matrix-finance-hr.html","18"
"C:\Users\TEST4\qms.hesem.com.vn\assets\style-v9.css","18"
"C:\Users\TEST4\qms.hesem.com.vn\10-Training-Academy\01-Competency-System\02-Levels\05-C05\C05-L3.html","17"
"C:\Users\TEST4\qms.hesem.com.vn\10-Training-Academy\03-System-Operations\03-MRR-Pack\mrr-04-ncr-capa.html","17"
"C:\Users\TEST4\qms.hesem.com.vn\10-Training-Academy\03-System-Operations\03-MRR-Pack\mrr-g4-final-ship-packet.html","17"
"C:\Users\TEST4\qms.hesem.com.vn\10-Training-Academy\02-Training-Content\03-Practice-Drills\drill-cost-waste-tool-scrap.html","17"
"C:\Users\TEST4\qms.hesem.com.vn\10-Training-Academy\01-Competency-System\02-Levels\10-C10\C10-L1.html","17"
"C:\Users\TEST4\qms.hesem.com.vn\03-Tai-Lieu-Van-Hanh\01-SOPs\06-SOP-600\sop-606-ncr-capa-and-ipqc-reaction.html","16"
"C:\Users\TEST4\qms.hesem.com.vn\10-Training-Academy\01-Competency-System\02-Levels\09-C09\C09-L1.html","16"
"C:\Users\TEST4\qms.hesem.com.vn\10-Training-Academy\01-Competency-System\02-Levels\09-C09\C09-L2.html","16"
"C:\Users\TEST4\qms.hesem.com.vn\10-Training-Academy\01-Competency-System\03-Matrices\training-matrix-maintenance.html","16"
"C:\Users\TEST4\qms.hesem.com.vn\10-Training-Academy\03-System-Operations\01-System-Guides\SYS-OPS-14.html","16"
"C:\Users\TEST4\qms.hesem.com.vn\10-Training-Academy\02-Training-Content\03-Practice-Drills\drill-joborder-e2e.html","16"
"C:\Users\TEST4\qms.hesem.com.vn\10-Training-Academy\01-Competency-System\03-Matrices\training-matrix-engineering.html","15"
"C:\Users\TEST4\qms.hesem.com.vn\10-Training-Academy\01-Competency-System\02-Levels\15-C15\C15-L4.html","15"
"C:\Users\TEST4\qms.hesem.com.vn\10-Training-Academy\01-Competency-System\02-Levels\08-C08\C08-L2.html","15"
"C:\Users\TEST4\qms.hesem.com.vn\03-Tai-Lieu-Van-Hanh\01-SOPs\05-SOP-500\sop-502-cnc-machining-operations.html","15"
"C:\Users\TEST4\qms.hesem.com.vn\10-Training-Academy\01-Competency-System\03-Matrices\training-matrix-production.html","15"
"C:\Users\TEST4\qms.hesem.com.vn\10-Training-Academy\01-Competency-System\03-Matrices\training-matrix-warehouse.html","14"
"C:\Users\TEST4\qms.hesem.com.vn\10-Training-Academy\01-Competency-System\03-Matrices\training-matrix-quality.html","14"
"C:\Users\TEST4\qms.hesem.com.vn\10-Training-Academy\01-Competency-System\01-Framework\competency-framework.html","14"
"C:\Users\TEST4\qms.hesem.com.vn\03-Tai-Lieu-Van-Hanh\01-SOPs\06-SOP-600\sop-602-measurement-system-analysis-msagr-r.html","14"
"C:\Users\TEST4\qms.hesem.com.vn\10-Training-Academy\01-Competency-System\03-Matrices\training-matrix-planning-purchasing.html","14"
"C:\Users\TEST4\qms.hesem.com.vn\10-Training-Academy\01-Competency-System\02-Levels\02-C02\C02-L2.html","14"
"C:\Users\TEST4\qms.hesem.com.vn\03-Tai-Lieu-Van-Hanh\01-SOPs\07-SOP-700\sop-702-contamination-control-and-cleanliness.html","14"
"C:\Users\TEST4\qms.hesem.com.vn\10-Training-Academy\01-Competency-System\03-Matrices\training-matrix-hse.html","14"
"C:\Users\TEST4\qms.hesem.com.vn\10-Training-Academy\04-Templates-Tools\trainer-guide.html","14"
"C:\Users\TEST4\qms.hesem.com.vn\02-Tai-Lieu-He-Thong\03-Organization\04-RACI-Authority\annex-qms-026-raci-master-matrix.html","13"
"C:\Users\TEST4\qms.hesem.com.vn\10-Training-Academy\01-Competency-System\02-Levels\10-C10\C10-L2.html","13"
"C:\Users\TEST4\qms.hesem.com.vn\10-Training-Academy\01-Competency-System\02-Levels\09-C09\C09-L3.html","13"
"C:\Users\TEST4\qms.hesem.com.vn\03-Tai-Lieu-Van-Hanh\01-SOPs\06-SOP-600\sop-603-aql-sampling-inspection.html","13"
"C:\Users\TEST4\qms.hesem.com.vn\10-Training-Academy\02-Training-Content\03-Practice-Drills\drill-customer-ctq-translation.html","12"
"C:\Users\TEST4\qms.hesem.com.vn\03-Tai-Lieu-Van-Hanh\01-SOPs\06-SOP-600\sop-601-calibration-and-gage-control.html","12"
"C:\Users\TEST4\qms.hesem.com.vn\10-Training-Academy\01-Competency-System\02-Levels\05-C05\C05-L4.html","12"
"C:\Users\TEST4\qms.hesem.com.vn\10-Training-Academy\01-Competency-System\02-Levels\08-C08\C08-L4.html","12"
"C:\Users\TEST4\qms.hesem.com.vn\10-Training-Academy\01-Competency-System\02-Levels\10-C10\C10-L3.html","12"
"C:\Users\TEST4\qms.hesem.com.vn\10-Training-Academy\04-Templates-Tools\certification-register.html","12"
"C:\Users\TEST4\qms.hesem.com.vn\10-Training-Academy\03-System-Operations\01-System-Guides\SYS-OPS-18.html","12"
"C:\Users\TEST4\qms.hesem.com.vn\10-Training-Academy\03-System-Operations\03-MRR-Pack\mrr-g0-rfq-quote.html","12"
"C:\Users\TEST4\qms.hesem.com.vn\03-Tai-Lieu-Van-Hanh\02-Work-Instructions\06-WI-600\wi-601-visual-inspection-and-defect-classification.html","12"
"C:\Users\TEST4\qms.hesem.com.vn\10-Training-Academy\01-Competency-System\02-Levels\04-C04\C04-L2.html","11"
"C:\Users\TEST4\qms.hesem.com.vn\10-Training-Academy\01-Competency-System\01-Framework\competency-assessment-guide.html","11"
"C:\Users\TEST4\qms.hesem.com.vn\10-Training-Academy\01-Competency-System\02-Levels\17-C17\C17-L4.html","11"
"C:\Users\TEST4\qms.hesem.com.vn\03-Tai-Lieu-Van-Hanh\01-SOPs\07-SOP-700\sop-701-receiving-packaging-handling-and-storage.html","11"
"C:\Users\TEST4\qms.hesem.com.vn\10-Training-Academy\02-Training-Content\03-Practice-Drills\drill-revision-ssot-60s.html","11"
"C:\Users\TEST4\qms.hesem.com.vn\03-Tai-Lieu-Van-Hanh\02-Work-Instructions\08-WI-800\wi-801-cnc-poka-yoke-examples.html","11"
"C:\Users\TEST4\qms.hesem.com.vn\10-Training-Academy\03-System-Operations\01-System-Guides\SYS-OPS-05.html","10"
"C:\Users\TEST4\qms.hesem.com.vn\10-Training-Academy\01-Competency-System\02-Levels\15-C15\C15-L3.html","10"
"C:\Users\TEST4\qms.hesem.com.vn\10-Training-Academy\01-Competency-System\02-Levels\05-C05\C05-L2.html","10"
"C:\Users\TEST4\qms.hesem.com.vn\10-Training-Academy\01-Competency-System\02-Levels\13-C13\C13-L4.html","10"
"C:\Users\TEST4\qms.hesem.com.vn\10-Training-Academy\01-Competency-System\02-Levels\03-C03\C03-L2.html","10"
"C:\Users\TEST4\qms.hesem.com.vn\03-Tai-Lieu-Van-Hanh\01-SOPs\07-SOP-700\sop-703-product-safety-conformity-and-fod-prevention.html","10"
"C:\Users\TEST4\qms.hesem.com.vn\03-Tai-Lieu-Van-Hanh\01-SOPs\08-SOP-800\sop-804-human-factors-and-error-proofing.html","10"
"C:\Users\TEST4\qms.hesem.com.vn\10-Training-Academy\01-Competency-System\02-Levels\10-C10\C10-L4.html","10"
"C:\Users\TEST4\qms.hesem.com.vn\03-Tai-Lieu-Van-Hanh\01-SOPs\01-SOP-100\sop-104-data-governance-records-security-and-ip-protection.html","10"
"C:\Users\TEST4\qms.hesem.com.vn\10-Training-Academy\01-Competency-System\02-Levels\04-C04\C04-L4.html","10"
"C:\Users\TEST4\qms.hesem.com.vn\10-Training-Academy\01-Competency-System\02-Levels\13-C13\C13-L2.html","9"
"C:\Users\TEST4\qms.hesem.com.vn\10-Training-Academy\01-Competency-System\02-Levels\15-C15\C15-L1.html","9"
"C:\Users\TEST4\qms.hesem.com.vn\03-Tai-Lieu-Van-Hanh\01-SOPs\08-SOP-800\sop-803-invoicing-job-costing-and-arap.html","9"
"C:\Users\TEST4\qms.hesem.com.vn\10-Training-Academy\01-Competency-System\02-Levels\13-C13\C13-L3.html","9"
"C:\Users\TEST4\qms.hesem.com.vn\10-Training-Academy\01-Competency-System\02-Levels\03-C03\C03-L4.html","9"
"C:\Users\TEST4\qms.hesem.com.vn\10-Training-Academy\02-Training-Content\03-Practice-Drills\drill-safety-5s-hazards.html","9"
"C:\Users\TEST4\qms.hesem.com.vn\03-Tai-Lieu-Van-Hanh\01-SOPs\05-SOP-500\sop-503-tooling-maintenance-pm-and-breakdown-response.html","9"
"C:\Users\TEST4\qms.hesem.com.vn\10-Training-Academy\01-Competency-System\02-Levels\13-C13\C13-L1.html","8"
"C:\Users\TEST4\qms.hesem.com.vn\10-Training-Academy\01-Competency-System\02-Levels\17-C17\C17-L1.html","8"
"C:\Users\TEST4\qms.hesem.com.vn\10-Training-Academy\01-Competency-System\02-Levels\17-C17\C17-L3.html","8"
"C:\Users\TEST4\qms.hesem.com.vn\03-Tai-Lieu-Van-Hanh\01-SOPs\05-SOP-500\sop-501-production-planning-scheduling-and-dispatch-control.html","8"
"C:\Users\TEST4\qms.hesem.com.vn\04-Bieu-Mau\08-FRM-800\frm-811-incident-report.html","8"
"C:\Users\TEST4\qms.hesem.com.vn\10-Training-Academy\02-Training-Content\03-Practice-Drills\drill-shipping-packet-coc.html","8"
"C:\Users\TEST4\qms.hesem.com.vn\04-Bieu-Mau\06-FRM-600\frm-611-grr-study-form.html","8"
"C:\Users\TEST4\qms.hesem.com.vn\10-Training-Academy\01-Competency-System\03-Matrices\training-matrix-estimating.html","8"
"C:\Users\TEST4\qms.hesem.com.vn\10-Training-Academy\02-Training-Content\03-Practice-Drills\drill-ncr-capa-response.html","7"
"C:\Users\TEST4\qms.hesem.com.vn\03-Tai-Lieu-Van-Hanh\02-Work-Instructions\09-WI-900\wi-901-performance-dashboard.html","7"
"C:\Users\TEST4\qms.hesem.com.vn\10-Training-Academy\04-Templates-Tools\competency-metrics.html","7"
"C:\Users\TEST4\qms.hesem.com.vn\03-Tai-Lieu-Van-Hanh\02-Work-Instructions\07-WI-700\","7"
"C:\Users\TEST4\qms.hesem.com.vn\04-Bieu-Mau\01-FRM-100\frm-132-pfmea-lite-aiag-format.html","7"
"C:\Users\TEST4\qms.hesem.com.vn\03-Tai-Lieu-Van-Hanh\01-SOPs\01-SOP-100\sop-105-organizational-knowledge-management.html","7"
"C:\Users\TEST4\qms.hesem.com.vn\03-Tai-Lieu-Van-Hanh\02-Work-Instructions\07-WI-700\","7"
"C:\Users\TEST4\qms.hesem.com.vn\03-Tai-Lieu-Van-Hanh\01-SOPs\06-SOP-600\sop-605-final-inspection-coc-and-shipment-release.html","7"
"C:\Users\TEST4\qms.hesem.com.vn\10-Training-Academy\02-Training-Content\03-Practice-Drills\drill-daily-management-tier.html","7"
"C:\Users\TEST4\qms.hesem.com.vn\02-Tai-Lieu-He-Thong\03-Organization\04-RACI-Authority\annex-qms-027-kpi-cascade-dictionary.html","7"
"C:\Users\TEST4\qms.hesem.com.vn\02-Tai-Lieu-He-Thong\03-Organization\04-RACI-Authority\annex-qms-028-deputy-backup-matrix.html","7"
"C:\Users\TEST4\qms.hesem.com.vn\04-Bieu-Mau\09-FRM-900\frm-901-internal-audit-checklist.html","7"
"C:\Users\TEST4\qms.hesem.com.vn\04-Bieu-Mau\08-FRM-800\frm-809-skill-matrix-and-kpi.html","7"
"C:\Users\TEST4\qms.hesem.com.vn\03-Tai-Lieu-Van-Hanh\01-SOPs\09-SOP-900\sop-903-continual-improvement-and-kaizen.html","7"
"C:\Users\TEST4\qms.hesem.com.vn\03-Tai-Lieu-Van-Hanh\02-Work-Instructions\07-WI-700\","7"
"C:\Users\TEST4\qms.hesem.com.vn\03-Tai-Lieu-Van-Hanh\02-Work-Instructions\07-WI-700\wi-711-cleanroom-entry-and-gowning.html","7"
"C:\Users\TEST4\qms.hesem.com.vn\03-Tai-Lieu-Van-Hanh\02-Work-Instructions\07-WI-700\","7"
"C:\Users\TEST4\qms.hesem.com.vn\03-Tai-Lieu-Van-Hanh\01-SOPs\09-SOP-900\sop-902-management-review.html","7"
"C:\Users\TEST4\qms.hesem.com.vn\04-Bieu-Mau\08-FRM-800\frm-807-skill-matrix.html","7"
"C:\Users\TEST4\qms.hesem.com.vn\04-Bieu-Mau\06-FRM-600\frm-651-nonconformance-report.html","7"
"C:\Users\TEST4\qms.hesem.com.vn\10-Training-Academy\02-Training-Content\03-Practice-Drills\drill-cam-release-changecontrol.html","6"
"C:\Users\TEST4\qms.hesem.com.vn\04-Bieu-Mau\08-FRM-800\frm-801-training-plan.html","6"
"C:\Users\TEST4\qms.hesem.com.vn\04-Bieu-Mau\08-FRM-800\frm-802-attendance-sheet.html","6"
"C:\Users\TEST4\qms.hesem.com.vn\10-Training-Academy\02-Training-Content\03-Practice-Drills\drill-material-cert-specialprocess.html","6"
"C:\Users\TEST4\qms.hesem.com.vn\04-Bieu-Mau\08-FRM-800\frm-804-competency-assessment.html","6"
"C:\Users\TEST4\qms.hesem.com.vn\04-Bieu-Mau\08-FRM-800\frm-803-ojt-checklist.html","6"
"C:\Users\TEST4\qms.hesem.com.vn\04-Bieu-Mau\07-FRM-700\frm-708-environmental-log.html","6"
"C:\Users\TEST4\qms.hesem.com.vn\04-Bieu-Mau\07-FRM-700\frm-707-packaging-checklist.html","6"
"C:\Users\TEST4\qms.hesem.com.vn\10-Training-Academy\01-Competency-System\03-Matrices\training-matrix.html","6"
"C:\Users\TEST4\qms.hesem.com.vn\03-Tai-Lieu-Van-Hanh\01-SOPs\02-SOP-200\sop-202-customer-complaint-feedback-rma-and-escape.html","6"
"C:\Users\TEST4\qms.hesem.com.vn\04-Bieu-Mau\07-FRM-700\frm-712-helium-leak-test-record.html","6"
"C:\Users\TEST4\qms.hesem.com.vn\04-Bieu-Mau\07-FRM-700\frm-711-cleanliness-verification-form.html","6"
"C:\Users\TEST4\qms.hesem.com.vn\04-Bieu-Mau\07-FRM-700\frm-709-clean-packaging-checklist.html","6"
"C:\Users\TEST4\qms.hesem.com.vn\04-Bieu-Mau\08-FRM-800\frm-808-evaluation-template.html","6"
"C:\Users\TEST4\qms.hesem.com.vn\04-Bieu-Mau\09-FRM-900\frm-902-layered-process-audit-checklist.html","6"
"C:\Users\TEST4\qms.hesem.com.vn\10-Training-Academy\03-System-Operations\02-Training-Ops\TRN-OPS-07.html","6"
"C:\Users\TEST4\qms.hesem.com.vn\01-QMS-Portal\site-map.html","6"
"C:\Users\TEST4\qms.hesem.com.vn\04-Bieu-Mau\08-FRM-800\frm-812-lighting-log.html","6"
"C:\Users\TEST4\qms.hesem.com.vn\04-Bieu-Mau\08-FRM-800\frm-821-invoice-request.html","6"
"C:\Users\TEST4\qms.hesem.com.vn\04-Bieu-Mau\09-FRM-900\frm-911-management-review-minutes.html","6"
"C:\Users\TEST4\qms.hesem.com.vn\04-Bieu-Mau\08-FRM-800\frm-805-level-certification.html","6"
"C:\Users\TEST4\qms.hesem.com.vn\02-Tai-Lieu-He-Thong\01-Quality-Manual\qms-man-001-qms-manual.html","6"
"C:\Users\TEST4\qms.hesem.com.vn\03-Tai-Lieu-Van-Hanh\02-Work-Instructions\07-WI-700\","6"
"C:\Users\TEST4\qms.hesem.com.vn\10-Training-Academy\03-System-Operations\01-System-Guides\SYS-OPS-11.html","6"
"C:\Users\TEST4\qms.hesem.com.vn\04-Bieu-Mau\08-FRM-800\frm-806-certification-tracking-log.html","6"
"C:\Users\TEST4\qms.hesem.com.vn\10-Training-Academy\02-Training-Content\03-Practice-Drills\drill-setup-firstarticle-ir.html","6"
"C:\Users\TEST4\qms.hesem.com.vn\04-Bieu-Mau\07-FRM-700\frm-703-wip-card.html","6"
"C:\Users\TEST4\qms.hesem.com.vn\04-Bieu-Mau\07-FRM-700\frm-704-part-id-label.html","6"
"C:\Users\TEST4\qms.hesem.com.vn\04-Bieu-Mau\06-FRM-600\frm-613-attribute-msa-and-cmm-qualification-record.html","6"
"C:\Users\TEST4\qms.hesem.com.vn\04-Bieu-Mau\06-FRM-600\frm-652-capa-8d-report.html","6"
"C:\Users\TEST4\qms.hesem.com.vn\04-Bieu-Mau\06-FRM-600\frm-612-bias-linearity-stability-study-form.html","6"
"C:\Users\TEST4\qms.hesem.com.vn\04-Bieu-Mau\06-FRM-600\frm-602-gage-verification-log.html","6"
"C:\Users\TEST4\qms.hesem.com.vn\04-Bieu-Mau\06-FRM-600\frm-601-calibration-log.html","6"
"C:\Users\TEST4\qms.hesem.com.vn\04-Bieu-Mau\07-FRM-700\frm-705-location-label.html","6"
"C:\Users\TEST4\qms.hesem.com.vn\04-Bieu-Mau\07-FRM-700\frm-706-shipping-label.html","6"
"C:\Users\TEST4\qms.hesem.com.vn\04-Bieu-Mau\06-FRM-600\frm-642-final-inspection-and-coc-register.html","6"
"C:\Users\TEST4\qms.hesem.com.vn\04-Bieu-Mau\06-FRM-600\frm-654-customer-satisfaction-survey.html","6"
"C:\Users\TEST4\qms.hesem.com.vn\04-Bieu-Mau\06-FRM-600\frm-653-a3-pdca-report.html","6"
"C:\Users\TEST4\qms.hesem.com.vn\04-Bieu-Mau\06-FRM-600\frm-643-safety-special-characteristics-register.html","6"
"C:\Users\TEST4\qms.hesem.com.vn\04-Bieu-Mau\07-FRM-700\frm-701-receiving-and-iqc-log.html","6"
"C:\Users\TEST4\qms.hesem.com.vn\04-Bieu-Mau\06-FRM-600\frm-621-aql-inspection-record.html","6"
"C:\Users\TEST4\qms.hesem.com.vn\10-Training-Academy\01-Competency-System\02-Levels\09-C09\C09-L4.html","6"
"C:\Users\TEST4\qms.hesem.com.vn\04-Bieu-Mau\06-FRM-600\frm-641-final-inspection-report.html","6"
"C:\Users\TEST4\qms.hesem.com.vn\04-Bieu-Mau\06-FRM-600\frm-631-spc-and-capability-log.html","6"
"C:\Users\TEST4\qms.hesem.com.vn\04-Bieu-Mau\07-FRM-700\frm-702-shipping-checklist.html","6"
"C:\Users\TEST4\qms.hesem.com.vn\03-Tai-Lieu-Van-Hanh\03-Reference\01-ANNEX-System\ref-005-escalation-and-sla-matrix.html","5"
"C:\Users\TEST4\qms.hesem.com.vn\03-Tai-Lieu-Van-Hanh\01-SOPs\01-SOP-100\sop-108-operational-contingency-plan.html","5"
"C:\Users\TEST4\qms.hesem.com.vn\03-Tai-Lieu-Van-Hanh\01-SOPs\01-SOP-100\sop-101-document-and-data-control.html","5"
"C:\Users\TEST4\qms.hesem.com.vn\10-Training-Academy\03-System-Operations\02-Training-Ops\TRN-OPS-09.html","5"
"C:\Users\TEST4\qms.hesem.com.vn\02-Tai-Lieu-He-Thong\03-Organization\03-Job-Descriptions\08-JD-HR\jd-hr-manager.html","5"
"C:\Users\TEST4\qms.hesem.com.vn\01-QMS-Portal\book.html","4"
"C:\Users\TEST4\qms.hesem.com.vn\03-Tai-Lieu-Van-Hanh\01-SOPs\01-SOP-100\sop-107-communication-management.html","4"
"C:\Users\TEST4\qms.hesem.com.vn\04-Bieu-Mau\05-FRM-500\frm-512-downtime-log.html","4"
"C:\Users\TEST4\qms.hesem.com.vn\10-Training-Academy\01-Competency-System\02-Levels\18-C18\C18-L4.html","4"
"C:\Users\TEST4\qms.hesem.com.vn\02-Tai-Lieu-He-Thong\03-Organization\02-Department-Handbooks\dept-production-handbook.html","4"
"C:\Users\TEST4\qms.hesem.com.vn\02-Tai-Lieu-He-Thong\03-Organization\02-Department-Handbooks\dept-finance-handbook.html","4"
"C:\Users\TEST4\qms.hesem.com.vn\03-Tai-Lieu-Van-Hanh\03-Reference\02-ANNEX-Standards\ref-006-quality-culture-and-ethics-policy.html","4"
"C:\Users\TEST4\qms.hesem.com.vn\02-Tai-Lieu-He-Thong\03-Organization\02-Department-Handbooks\dept-epicor-handbook.html","4"
"C:\Users\TEST4\qms.hesem.com.vn\10-Training-Academy\01-Competency-System\02-Levels\18-C18\C18-L1.html","4"
"C:\Users\TEST4\qms.hesem.com.vn\02-Tai-Lieu-He-Thong\03-Organization\04-RACI-Authority\authority-matrix.html","4"
"C:\Users\TEST4\qms.hesem.com.vn\02-Tai-Lieu-He-Thong\03-Organization\01-Org-Chart\annex-org-001-org-chart-fullpage.html","4"
"C:\Users\TEST4\qms.hesem.com.vn\03-Tai-Lieu-Van-Hanh\01-SOPs\01-SOP-100\sop-103-risk-opportunity-fmea-and-control-plan.html","4"
"C:\Users\TEST4\qms.hesem.com.vn\04-Bieu-Mau\03-FRM-300\frm-304-semiconductor-part-classification.html","4"
"C:\Users\TEST4\qms.hesem.com.vn\10-Training-Academy\03-System-Operations\02-Training-Ops\TRN-OPS-08.html","4"
"C:\Users\TEST4\qms.hesem.com.vn\02-Tai-Lieu-He-Thong\03-Organization\04-RACI-Authority\annex-job-001-org-raci-matrix.html","4"
"C:\Users\TEST4\qms.hesem.com.vn\03-Tai-Lieu-Van-Hanh\02-Work-Instructions\05-WI-500\wi-512-3-axis-vertical-milling-guide.html","3"
"C:\Users\TEST4\qms.hesem.com.vn\10-Training-Academy\01-Competency-System\02-Levels\17-C17\C17-L2.html","3"
"C:\Users\TEST4\qms.hesem.com.vn\04-Bieu-Mau\01-FRM-100\frm-122-interested-parties-register.html","3"
"C:\Users\TEST4\qms.hesem.com.vn\04-Bieu-Mau\01-FRM-100\frm-123-interested-party-requirements-register.html","3"
"C:\Users\TEST4\qms.hesem.com.vn\10-Training-Academy\01-Competency-System\02-Levels\15-C15\C15-L2.html","3"
"C:\Users\TEST4\qms.hesem.com.vn\03-Tai-Lieu-Van-Hanh\02-Work-Instructions\05-WI-500\","3"
"C:\Users\TEST4\qms.hesem.com.vn\02-Tai-Lieu-He-Thong\03-Organization\03-Job-Descriptions\02-JD-Production\jd-shift-leader.html","3"
"C:\Users\TEST4\qms.hesem.com.vn\02-Tai-Lieu-He-Thong\03-Organization\03-Job-Descriptions\09-JD-EHS\jd-ehs-specialist.html","3"
"C:\Users\TEST4\qms.hesem.com.vn\10-Training-Academy\01-Competency-System\02-Levels\18-C18\C18-L2.html","3"
"C:\Users\TEST4\qms.hesem.com.vn\02-Tai-Lieu-He-Thong\03-Organization\04-RACI-Authority\annex-qms-025-authority-matrix.html","3"
"C:\Users\TEST4\qms.hesem.com.vn\03-Tai-Lieu-Van-Hanh\02-Work-Instructions\05-WI-500\wi-516-machine-operation-quick-card.html","3"
"C:\Users\TEST4\qms.hesem.com.vn\02-Tai-Lieu-He-Thong\03-Organization\02-Department-Handbooks\dept-ehs-handbook.html","3"
"C:\Users\TEST4\qms.hesem.com.vn\03-Tai-Lieu-Van-Hanh\01-SOPs\03-SOP-300\sop-301-engineering-dfm-quoting-and-machining-planning.html","3"
"C:\Users\TEST4\qms.hesem.com.vn\02-Tai-Lieu-He-Thong\03-Organization\03-Job-Descriptions\07-JD-Finance\jd-ap-ar-and-payments-accountant.html","3"
"C:\Users\TEST4\qms.hesem.com.vn\02-Tai-Lieu-He-Thong\03-Organization\02-Department-Handbooks\dept-hr-handbook.html","3"
"C:\Users\TEST4\qms.hesem.com.vn\10-Training-Academy\04-Templates-Tools\qms-ops-map.html","3"
"C:\Users\TEST4\qms.hesem.com.vn\03-Tai-Lieu-Van-Hanh\03-Reference\01-ANNEX-System\ref-002-iso-9001-clause-to-sop-matrix.html","2"
"C:\Users\TEST4\qms.hesem.com.vn\03-Tai-Lieu-Van-Hanh\03-Reference\03-ANNEX-Digital\ref-015-go-live-runbook.html","2"
"C:\Users\TEST4\qms.hesem.com.vn\02-Tai-Lieu-He-Thong\03-Organization\03-Job-Descriptions\02-JD-Production\jd-cnc-operator.html","2"
"C:\Users\TEST4\qms.hesem.com.vn\02-Tai-Lieu-He-Thong\03-Organization\02-Department-Handbooks\dept-it-handbook.html","2"
"C:\Users\TEST4\qms.hesem.com.vn\03-Tai-Lieu-Van-Hanh\01-SOPs\04-SOP-400\sop-402-material-verification-traceability-and-counterfeit-prevention.html","2"
"C:\Users\TEST4\qms.hesem.com.vn\02-Tai-Lieu-He-Thong\03-Organization\02-Department-Handbooks\dept-supply-chain-handbook.html","2"
"C:\Users\TEST4\qms.hesem.com.vn\03-Tai-Lieu-Van-Hanh\02-Work-Instructions\05-WI-500\wi-514-cnc-turning-guide.html","2"
"C:\Users\TEST4\qms.hesem.com.vn\03-Tai-Lieu-Van-Hanh\03-Reference\02-ANNEX-Standards\ref-009-iso-writing-framework.html","2"
"C:\Users\TEST4\qms.hesem.com.vn\10-Training-Academy\01-Competency-System\02-Levels\18-C18\C18-L3.html","2"
"C:\Users\TEST4\qms.hesem.com.vn\11-Glossary\index.html","2"
"C:\Users\TEST4\qms.hesem.com.vn\03-Tai-Lieu-Van-Hanh\01-SOPs\02-SOP-200\sop-203-customer-property-control.html","2"
"C:\Users\TEST4\qms.hesem.com.vn\02-Tai-Lieu-He-Thong\03-Organization\03-Job-Descriptions\07-JD-Finance\jd-finance-manager.html","2"
"C:\Users\TEST4\qms.hesem.com.vn\03-Tai-Lieu-Van-Hanh\01-SOPs\01-SOP-100\sop-106-change-and-configuration-management.html","2"
"C:\Users\TEST4\qms.hesem.com.vn\02-Tai-Lieu-He-Thong\03-Organization\04-RACI-Authority\raci-master-matrix.html","2"
"C:\Users\TEST4\qms.hesem.com.vn\03-Tai-Lieu-Van-Hanh\01-SOPs\04-SOP-400\sop-401-supplier-control-and-special-process.html","2"
"C:\Users\TEST4\qms.hesem.com.vn\03-Tai-Lieu-Van-Hanh\02-Work-Instructions\05-WI-500\","2"
"C:\Users\TEST4\qms.hesem.com.vn\03-Tai-Lieu-Van-Hanh\01-SOPs\03-SOP-300\sop-302-first-article-inspection-fai.html","2"
"C:\Users\TEST4\qms.hesem.com.vn\02-Tai-Lieu-He-Thong\03-Organization\03-Job-Descriptions\02-JD-Production\jd-setup-technician.html","2"
"C:\Users\TEST4\qms.hesem.com.vn\02-Tai-Lieu-He-Thong\02-Policies-Objectives\pol-qms-001-quality-policy.html","2"
"C:\Users\TEST4\qms.hesem.com.vn\03-Tai-Lieu-Van-Hanh\02-Work-Instructions\05-WI-500\wi-511-machine-type-quick-reference.html","1"
"C:\Users\TEST4\qms.hesem.com.vn\03-Tai-Lieu-Van-Hanh\03-Reference\02-ANNEX-Standards\ref-008-semi-and-csr-matrix.html","1"
"C:\Users\TEST4\qms.hesem.com.vn\03-Tai-Lieu-Van-Hanh\02-Work-Instructions\05-WI-500\wi-515-mill-turn-guide.html","1"
"C:\Users\TEST4\qms.hesem.com.vn\04-Bieu-Mau\05-FRM-500\frm-503-wip-aging-report.html","1"
"C:\Users\TEST4\qms.hesem.com.vn\04-Bieu-Mau\04-FRM-400\frm-413-hold-and-disposition-log.html","1"
"C:\Users\TEST4\qms.hesem.com.vn\03-Tai-Lieu-Van-Hanh\03-Reference\02-ANNEX-Standards\ref-007-climate-change-assessment.html","1"
"C:\Users\TEST4\qms.hesem.com.vn\02-Tai-Lieu-He-Thong\02-Policies-Objectives\pol-qms-002-quality-objectives.html","1"
"C:\Users\TEST4\qms.hesem.com.vn\03-Tai-Lieu-Van-Hanh\02-Work-Instructions\05-WI-500\","1"
"C:\Users\TEST4\qms.hesem.com.vn\01-QMS-Portal\index.html","1"
"C:\Users\TEST4\qms.hesem.com.vn\02-Tai-Lieu-He-Thong\03-Organization\03-Job-Descriptions\03-JD-Engineering\jd-process-engineer.html","1"
"C:\Users\TEST4\qms.hesem.com.vn\02-Tai-Lieu-He-Thong\03-Organization\03-Job-Descriptions\05-JD-Supply-Chain\jd-supply-chain-manager.html","1"
"C:\Users\TEST4\qms.hesem.com.vn\02-Tai-Lieu-He-Thong\03-Organization\03-Job-Descriptions\03-JD-Engineering\jd-engineering-lead-manager.html","1"
"C:\Users\TEST4\qms.hesem.com.vn\02-Tai-Lieu-He-Thong\03-Organization\03-Job-Descriptions\02-JD-Production\jd-deburr-technician.html","1"
"C:\Users\TEST4\qms.hesem.com.vn\02-Tai-Lieu-He-Thong\03-Organization\03-Job-Descriptions\02-JD-Production\jd-maintenance-technician.html","1"
"C:\Users\TEST4\qms.hesem.com.vn\02-Tai-Lieu-He-Thong\03-Organization\03-Job-Descriptions\05-JD-Supply-Chain\jd-tool-crib-tool-storekeeper.html","1"
"C:\Users\TEST4\qms.hesem.com.vn\04-Bieu-Mau\04-FRM-400\frm-408-flowdown-requirements-checklist.html","1"
"C:\Users\TEST4\qms.hesem.com.vn\04-Bieu-Mau\05-FRM-500\frm-514-smed-changeover-sheet.html","1"
"C:\Users\TEST4\qms.hesem.com.vn\03-Tai-Lieu-Van-Hanh\02-Work-Instructions\05-WI-500\","1"
"C:\Users\TEST4\qms.hesem.com.vn\02-Tai-Lieu-He-Thong\03-Organization\03-Job-Descriptions\06-JD-Sales\jd-estimator.html","1"
"C:\Users\TEST4\qms.hesem.com.vn\04-Bieu-Mau\02-FRM-200\frm-207-operational-risk-management-worksheet.html","1"
"C:\Users\TEST4\qms.hesem.com.vn\02-Tai-Lieu-He-Thong\03-Organization\02-Department-Handbooks\dept-quality-handbook.html","1"
"C:\Users\TEST4\qms.hesem.com.vn\02-Tai-Lieu-He-Thong\03-Organization\02-Department-Handbooks\dept-sales-and-customer-service-handbook.html","1"
"C:\Users\TEST4\qms.hesem.com.vn\02-Tai-Lieu-He-Thong\03-Organization\02-Department-Handbooks\dept-engineering-handbook.html","1"
"C:\Users\TEST4\qms.hesem.com.vn\03-Tai-Lieu-Van-Hanh\03-Reference\03-ANNEX-Digital\ref-011-power-automate-flows.html","1"
"C:\Users\TEST4\qms.hesem.com.vn\03-Tai-Lieu-Van-Hanh\03-Reference\03-ANNEX-Digital\ref-012-power-bi-deployment.html","1"
"C:\Users\TEST4\qms.hesem.com.vn\03-Tai-Lieu-Van-Hanh\03-Reference\03-ANNEX-Digital\ref-014-power-platform-governance.html","1"
"C:\Users\TEST4\qms.hesem.com.vn\04-Bieu-Mau\01-FRM-100\frm-121-context-analysis-swot-pestle.html","1"
"C:\Users\TEST4\qms.hesem.com.vn\02-Tai-Lieu-He-Thong\03-Organization\03-Job-Descriptions\02-JD-Production\jd-deburr-team-lead.html","1"
"C:\Users\TEST4\qms.hesem.com.vn\02-Tai-Lieu-He-Thong\03-Organization\03-Job-Descriptions\02-JD-Production\jd-cnc-workshop-manager.html","1"
"C:\Users\TEST4\qms.hesem.com.vn\02-Tai-Lieu-He-Thong\03-Organization\03-Job-Descriptions\01-JD-Executive\jd-chief-executive-officer.html","1"
"C:\Users\TEST4\qms.hesem.com.vn\02-Tai-Lieu-He-Thong\03-Organization\03-Job-Descriptions\01-JD-Executive\jd-production-director.html","1"
